student_id,Expected,Usage
STU03679,0,Private
STU11070,0,Private
STU13561,2,Private
STU00061,0,Private
STU02416,1,Public
STU14493,0,Public
STU14070,2,Public
STU12038,1,Private
STU13254,0,Private
STU12397,0,Private
STU11161,0,Public
STU12248,2,Private
STU14126,0,Private
STU09389,0,Public
STU10824,1,Public
STU10964,0,Public
STU11515,2,Private
STU07276,2,Private
STU13187,1,Private
STU11790,0,Public
STU08928,0,Private
STU02206,0,Public
STU07376,1,Public
STU04077,0,Private
STU02834,0,Private
STU10940,1,Private
STU14948,2,Public
STU04114,2,Private
STU04849,0,Private
STU07245,2,Public
STU01588,0,Private
STU12198,0,Public
STU05219,1,Public
STU01948,2,Private
STU13613,0,Private
STU09011,1,Private
STU07065,1,Private
STU11222,0,Public
STU04966,1,Private
STU00623,2,Private
STU07520,0,Public
STU14787,0,Private
STU06904,0,Public
STU00485,1,Private
STU03135,0,Public
STU04240,0,Private
STU12632,0,Private
STU03532,0,Private
STU10888,2,Private
STU04938,0,Public
STU02434,1,Private
STU01889,0,Private
STU02272,0,Private
STU10609,2,Private
STU09321,0,Private
STU05620,2,Private
STU14559,0,Public
STU00500,2,Public
STU07675,1,Public
STU10334,0,Private
STU14663,0,Private
STU02967,0,Public
STU14081,0,Private
STU08155,0,Private
STU10018,0,Public
STU03732,0,Private
STU12980,1,Public
STU00302,2,Private
STU11424,0,Public
STU14747,2,Private
STU02287,1,Private
STU13620,0,Public
STU05815,2,Public
STU11419,2,Private
STU01809,0,Private
STU07712,2,Private
STU02771,0,Private
STU12210,2,Public
STU11285,0,Private
STU13326,2,Public
STU05880,0,Private
STU00328,1,Private
STU03348,0,Private
STU14454,0,Public
STU05587,0,Private
STU08497,1,Private
STU03458,0,Private
STU05888,0,Private
STU08540,2,Private
STU04817,2,Private
STU11034,0,Public
STU10147,1,Private
STU10501,2,Private
STU09362,0,Private
STU09993,1,Private
STU04709,0,Private
STU09647,0,Private
STU09859,0,Private
STU03654,2,Public
STU02798,2,Public
STU00804,0,Public
STU02827,0,Private
STU07281,0,Private
STU01721,0,Private
STU10317,0,Private
STU01690,1,Public
STU09179,0,Private
STU12595,1,Private
STU05890,0,Public
STU00507,1,Public
STU04353,0,Public
STU11933,0,Public
STU08593,0,Private
STU07929,1,Private
STU01102,1,Private
STU04163,1,Private
STU08559,0,Private
STU08929,0,Public
STU10425,2,Private
STU13704,2,Private
STU10439,0,Private
STU07128,2,Private
STU12696,0,Private
STU01164,0,Public
STU12018,1,Public
STU12943,2,Private
STU08728,0,Private
STU14241,2,Private
STU11457,0,Public
STU14323,0,Private
STU01499,0,Private
STU03069,0,Public
STU04475,1,Public
STU14792,0,Private
STU13825,0,Private
STU05140,0,Private
STU12824,2,Private
STU14951,0,Private
STU04634,2,Private
STU03708,0,Private
STU07752,0,Private
STU14716,0,Public
STU01162,1,Private
STU13357,1,Private
STU14045,0,Public
STU14662,1,Public
STU03129,0,Private
STU05606,0,Private
STU04627,0,Public
STU12628,0,Public
STU14291,0,Private
STU04066,0,Public
STU00053,0,Public
STU05188,0,Private
STU10410,2,Private
STU06108,2,Public
STU07377,1,Private
STU09483,0,Private
STU09542,1,Public
STU01308,0,Private
STU05234,0,Private
STU07199,0,Private
STU05568,0,Private
STU09395,0,Private
STU11760,2,Public
STU08377,0,Private
STU11027,2,Private
STU08562,2,Public
STU01590,2,Public
STU12287,1,Private
STU13680,0,Private
STU00829,0,Public
STU10509,1,Private
STU01697,0,Public
STU14136,1,Private
STU05742,0,Public
STU03999,1,Private
STU02252,1,Private
STU06804,1,Private
STU09525,2,Public
STU03284,0,Private
STU00843,0,Public
STU01785,0,Private
STU13231,1,Private
STU00957,0,Public
STU09385,0,Private
STU14336,2,Private
STU08825,1,Private
STU03390,0,Private
STU13666,0,Public
STU01526,2,Public
STU14529,0,Private
STU03629,0,Private
STU05512,0,Private
STU01624,0,Private
STU08510,0,Private
STU03517,2,Private
STU14344,0,Private
STU07092,2,Private
STU14853,0,Private
STU02670,1,Private
STU04045,0,Public
STU10504,2,Public
STU14687,0,Private
STU08854,0,Private
STU01610,0,Public
STU08950,0,Public
STU08834,2,Private
STU08638,0,Public
STU14214,0,Public
STU13074,0,Private
STU12793,1,Private
STU12326,1,Private
STU08088,2,Public
STU01886,0,Private
STU04467,0,Public
STU09730,1,Private
STU11242,1,Private
STU01900,0,Private
STU00089,0,Private
STU10593,0,Private
STU00450,2,Private
STU14882,0,Public
STU10621,0,Private
STU09133,1,Public
STU01277,0,Public
STU09498,0,Private
STU04214,1,Private
STU10371,0,Private
STU06070,1,Private
STU04046,2,Private
STU05664,0,Private
STU03975,0,Private
STU05440,2,Private
STU14131,1,Public
STU13300,0,Private
STU09370,1,Public
STU06347,1,Public
STU02366,0,Private
STU12929,1,Public
STU02132,0,Private
STU12088,1,Private
STU00132,0,Private
STU02658,1,Private
STU01572,0,Public
STU02769,0,Private
STU02916,0,Private
STU09305,0,Private
STU09022,0,Private
STU08588,1,Private
STU04198,0,Public
STU02195,0,Private
STU02749,2,Private
STU06197,0,Private
STU05268,1,Public
STU06907,0,Private
STU08586,0,Private
STU03776,1,Private
STU05851,0,Private
STU09347,1,Public
STU12859,0,Private
STU07905,0,Private
STU11367,2,Public
STU11685,1,Private
STU09897,0,Private
STU06435,0,Private
STU01078,0,Private
STU04882,0,Private
STU06339,2,Private
STU03872,2,Public
STU00636,2,Private
STU00095,0,Private
STU05769,0,Private
STU12327,2,Private
STU12268,0,Private
STU10923,2,Private
STU13842,1,Private
STU07405,1,Private
STU05867,0,Private
STU01432,2,Private
STU00396,0,Private
STU13682,0,Private
STU04099,2,Private
STU09400,1,Public
STU04508,0,Private
STU12298,0,Public
STU13871,1,Private
STU01451,1,Private
STU14831,0,Public
STU00531,1,Private
STU05059,0,Public
STU11604,1,Public
STU13633,1,Private
STU11290,0,Private
STU00815,1,Public
STU07447,0,Private
STU08168,0,Private
STU13240,0,Public
STU08548,1,Private
STU12578,2,Public
STU04662,0,Public
STU00152,2,Private
STU05001,1,Private
STU01676,0,Private
STU11181,0,Private
STU08178,0,Private
STU12043,0,Private
STU09719,0,Private
STU07025,1,Private
STU14994,0,Public
STU14651,1,Private
STU14120,1,Public
STU09387,1,Public
STU13625,1,Private
STU04761,0,Private
STU11613,0,Private
STU08944,1,Private
STU05114,0,Public
STU07301,0,Public
STU12215,0,Public
STU04445,1,Private
STU09629,2,Private
STU01460,1,Private
STU02581,0,Public
STU01603,0,Private
STU01637,1,Private
STU06884,2,Private
STU01429,1,Private
STU04754,0,Private
STU07570,0,Public
STU11640,0,Private
STU04180,0,Private
STU05394,0,Public
STU04271,1,Public
STU05790,2,Public
STU08746,2,Public
STU06282,0,Private
STU12091,1,Private
STU13278,0,Private
STU04431,0,Public
STU13364,0,Private
STU10921,2,Private
STU13677,2,Public
STU04360,0,Private
STU00460,1,Private
STU12105,0,Private
STU05800,1,Private
STU12207,0,Public
STU01021,1,Private
STU08630,0,Private
STU07566,0,Private
STU13139,0,Private
STU06562,0,Private
STU10899,0,Public
STU00699,1,Public
STU11495,0,Private
STU08567,2,Public
STU03713,0,Private
STU01561,0,Private
STU13076,1,Private
STU06134,0,Private
STU14122,0,Private
STU03724,2,Private
STU09492,2,Private
STU04159,2,Private
STU14250,1,Private
STU14835,2,Private
STU10689,0,Private
STU08216,0,Public
STU03513,0,Public
STU03847,1,Public
STU01582,0,Public
STU07099,0,Public
STU00937,0,Private
STU06366,0,Public
STU14182,0,Private
STU10507,1,Private
STU12279,0,Public
STU05386,2,Private
STU14939,0,Public
STU04668,0,Public
STU12245,0,Private
STU04251,1,Private
STU08375,0,Private
STU14845,0,Private
STU07629,0,Private
STU10484,0,Public
STU03832,0,Public
STU09461,0,Private
STU05436,0,Private
STU03385,0,Private
STU06396,1,Private
STU13296,2,Private
STU05302,0,Private
STU04109,2,Private
STU03953,0,Private
STU14826,0,Private
STU05824,2,Private
STU06111,0,Private
STU02138,2,Private
STU03143,0,Public
STU12034,1,Private
STU09288,1,Private
STU11857,2,Private
STU11813,0,Private
STU05112,0,Private
STU02523,1,Private
STU12418,0,Public
STU14079,1,Private
STU11235,0,Public
STU13732,0,Private
STU00521,2,Private
STU07991,0,Private
STU07723,0,Private
STU06928,0,Private
STU06749,0,Private
STU07465,0,Public
STU01016,0,Private
STU07565,0,Private
STU07515,2,Private
STU07626,0,Private
STU12791,0,Private
STU07691,0,Public
STU03540,2,Private
STU08250,0,Public
STU02841,0,Private
STU13441,2,Private
STU13259,0,Private
STU05962,0,Private
STU02858,0,Public
STU12878,1,Public
STU11949,0,Private
STU10966,0,Private
STU10874,1,Public
STU05917,2,Public
STU08237,1,Private
STU07414,0,Public
STU04724,0,Private
STU04600,0,Private
STU10001,0,Public
STU07540,0,Public
STU01847,1,Private
STU01613,0,Private
STU09891,0,Private
STU14753,1,Private
STU03497,0,Private
STU10096,0,Private
STU09356,0,Private
STU07842,0,Private
STU06258,0,Public
STU07553,0,Private
STU10205,0,Private
STU11560,0,Private
STU07248,0,Private
STU03122,1,Public
STU12010,0,Private
STU05106,1,Public
STU02037,1,Private
STU05621,0,Public
STU11782,1,Public
STU13389,0,Public
STU13907,0,Private
STU06715,0,Private
STU05754,0,Private
STU01295,1,Private
STU07539,0,Private
STU02261,1,Public
STU01129,0,Private
STU12181,0,Public
STU06438,0,Private
STU14299,0,Public
STU13071,0,Private
STU12303,1,Public
STU12067,1,Private
STU01219,0,Private
STU09171,0,Private
STU03993,2,Public
STU01803,0,Private
STU07443,2,Private
STU13494,0,Private
STU02089,0,Private
STU00413,0,Private
STU06762,0,Private
STU12998,0,Private
STU08682,0,Private
STU13973,0,Private
STU04625,2,Public
STU06979,2,Public
STU08844,0,Private
STU00080,2,Private
STU14710,0,Private
STU03730,1,Private
STU10301,1,Public
STU10872,0,Public
STU07269,1,Private
STU01619,0,Private
STU05310,0,Private
STU07721,0,Public
STU00314,1,Private
STU13938,1,Private
STU14873,2,Private
STU00010,0,Private
STU09045,1,Private
STU07637,0,Private
STU01691,0,Private
STU06071,1,Public
STU05127,1,Private
STU14001,0,Private
STU11669,0,Private
STU04200,2,Private
STU09870,2,Private
STU06552,0,Private
STU11570,2,Private
STU11465,1,Private
STU10280,0,Public
STU03442,0,Public
STU00875,2,Private
STU05854,0,Private
STU02147,0,Private
STU11739,1,Public
STU01822,0,Private
STU06189,0,Private
STU03416,0,Private
STU11625,2,Private
STU05151,1,Private
STU02456,0,Private
STU14272,2,Private
STU09973,1,Public
STU11165,0,Public
STU01352,1,Private
STU13159,0,Private
STU02190,1,Private
STU09895,2,Private
STU03942,0,Private
STU11576,0,Private
STU04336,1,Private
STU01354,0,Private
STU11094,2,Public
STU01335,0,Private
STU10737,1,Public
STU09076,0,Private
STU01457,0,Private
STU13782,1,Public
STU13106,0,Private
STU13044,1,Private
STU09864,1,Private
STU02236,0,Public
STU00529,1,Private
STU08701,0,Private
STU01712,2,Private
STU00015,0,Private
STU05690,0,Private
STU13807,1,Private
STU08741,0,Private
STU10080,0,Private
STU10935,0,Private
STU12435,2,Public
STU00436,0,Public
STU10318,1,Private
STU03711,0,Private
STU10212,0,Private
STU03890,2,Public
STU03398,1,Public
STU10821,0,Public
STU09138,2,Private
STU05336,0,Private
STU01370,0,Private
STU06772,1,Private
STU01576,0,Private
STU14509,0,Private
STU08526,1,Private
STU04533,0,Private
STU05792,0,Private
STU00784,0,Private
STU02736,0,Private
STU04471,1,Private
STU14566,0,Public
STU13607,1,Private
STU02165,0,Private
STU10329,1,Public
STU10955,1,Private
STU04897,2,Private
STU03555,2,Private
STU02860,1,Private
STU13465,1,Private
STU05678,0,Public
STU08394,2,Public
STU14346,2,Public
STU08212,0,Public
STU13877,0,Public
STU13257,0,Public
STU08717,2,Private
STU11406,0,Public
STU12713,2,Private
STU07601,0,Private
STU12853,0,Private
STU09377,0,Private
STU13183,0,Public
STU03438,1,Public
STU05278,0,Public
STU14372,1,Public
STU05569,0,Public
STU14252,0,Public
STU00226,0,Public
STU10945,1,Public
STU14091,1,Private
STU10549,0,Public
STU08113,0,Private
STU09956,0,Private
STU10858,0,Private
STU00498,0,Public
STU06073,0,Private
STU06048,2,Private
STU07806,1,Public
STU06611,0,Private
STU06939,2,Private
STU08695,2,Public
STU03816,0,Public
STU10213,1,Private
STU04621,0,Private
STU10463,2,Public
STU13681,0,Public
STU02068,1,Private
STU12485,0,Private
STU07667,2,Private
STU06549,0,Private
STU00981,2,Private
STU09053,0,Private
STU10537,0,Public
STU02604,1,Public
STU12645,0,Private
STU01669,1,Private
STU02072,1,Private
STU10875,1,Private
STU09013,0,Public
STU13320,0,Private
STU07567,1,Private
STU02333,0,Public
STU06200,1,Public
STU03382,0,Private
STU00167,0,Public
STU02705,0,Private
STU01683,0,Public
STU06582,2,Private
STU03321,0,Public
STU13486,0,Private
STU03109,1,Private
STU10210,2,Private
STU10724,2,Private
STU06199,0,Private
STU04120,1,Public
STU09894,0,Private
STU02823,0,Private
STU00868,0,Private
STU14526,0,Private
STU05633,0,Public
STU02042,0,Public
STU03241,2,Private
STU03377,0,Private
STU14841,2,Private
STU06192,0,Private
STU07715,0,Private
STU03071,1,Private
STU13926,0,Public
STU10047,0,Public
STU12443,0,Public
STU06636,1,Public
STU04378,0,Public
STU01618,1,Public
STU11527,1,Public
STU07746,0,Public
STU06005,1,Private
STU14938,0,Public
STU07132,0,Private
STU14732,0,Private
STU08886,0,Private
STU00807,2,Public
STU02240,1,Private
STU02762,0,Private
STU02227,0,Private
STU08812,0,Private
STU07256,2,Public
STU07060,1,Public
STU05660,0,Private
STU00532,2,Private
STU02100,2,Private
STU11895,0,Private
STU13953,0,Public
STU07413,0,Private
STU14257,0,Public
STU14896,2,Private
STU05767,0,Private
STU06495,0,Private
STU00105,1,Public
STU00818,2,Public
STU05486,2,Private
STU03466,2,Public
STU03643,2,Private
STU11953,1,Public
STU02609,1,Private
STU12218,0,Private
STU08040,0,Public
STU08684,1,Private
STU07526,0,Public
STU10895,1,Public
STU07999,1,Private
STU05218,0,Private
STU09436,0,Private
STU05756,1,Public
STU12683,0,Private
STU12961,1,Private
STU14113,2,Private
STU13350,0,Private
STU07145,0,Private
STU04175,0,Private
STU09295,2,Private
STU05004,0,Private
STU11689,0,Private
STU05381,1,Public
STU09410,0,Private
STU04818,0,Private
STU01686,1,Public
STU11794,1,Public
STU07358,0,Private
STU05168,2,Private
STU00722,0,Private
STU09050,0,Public
STU04383,1,Private
STU08197,0,Public
STU06485,1,Public
STU06345,0,Public
STU01595,0,Private
STU12058,0,Private
STU08210,0,Private
STU09709,0,Private
STU09627,1,Private
STU05005,1,Private
STU10837,0,Private
STU06065,2,Private
STU14796,1,Private
STU06516,1,Private
STU12693,0,Private
STU04421,0,Private
STU13104,2,Private
STU05172,2,Public
STU06236,2,Private
STU01445,2,Private
STU09971,0,Private
STU02968,0,Private
STU07050,0,Private
STU04898,0,Public
STU08458,1,Private
STU05652,1,Private
STU00215,1,Private
STU07536,0,Public
STU14874,1,Private
STU09300,0,Private
STU02446,0,Private
STU11536,0,Private
STU00034,0,Private
STU12573,0,Public
STU14637,1,Private
STU12857,0,Public
STU00954,0,Private
STU10359,0,Public
STU14092,0,Private
STU12150,0,Private
STU04117,1,Private
STU01195,0,Private
STU05939,0,Private
STU07594,0,Public
STU10161,2,Private
STU07901,0,Public
STU08940,2,Private
STU02937,2,Private
STU11033,2,Public
STU06991,0,Public
STU07692,2,Private
STU03196,0,Private
STU01243,0,Private
STU06834,0,Private
STU07212,0,Private
STU02000,2,Public
STU12142,0,Private
STU14609,0,Public
STU13664,0,Private
STU05484,0,Private
STU05798,1,Private
STU05730,0,Private
STU04207,0,Private
STU08795,0,Public
STU02890,1,Private
STU08538,0,Private
STU01563,0,Private
STU06362,1,Public
STU10683,0,Private
STU07246,0,Private
STU07514,1,Private
STU04427,0,Private
STU02567,1,Private
STU11797,0,Private
STU04679,1,Public
STU11273,1,Private
STU03019,2,Private
STU07313,1,Private
STU03882,2,Private
STU05126,1,Private
STU13612,0,Private
STU10128,2,Private
STU05571,2,Public
STU10685,0,Private
STU11555,1,Private
STU04323,2,Public
STU00609,0,Private
STU10426,2,Private
STU10880,0,Private
STU09823,0,Private
STU02116,2,Private
STU04797,0,Public
STU01346,0,Private
STU03372,0,Private
STU11295,0,Public
STU08856,0,Private
STU07387,0,Private
STU03282,0,Private
STU06696,0,Private
STU10710,0,Private
STU01110,1,Private
STU11910,1,Private
STU03564,2,Private
STU07825,1,Public
STU04289,0,Private
STU00962,0,Public
STU09312,0,Public
STU02623,0,Private
STU12941,0,Private
STU06250,1,Private
STU04113,1,Private
STU04246,0,Private
STU01210,1,Private
STU11620,1,Public
STU04390,1,Private
STU00863,0,Public
STU12644,0,Private
STU03521,0,Public
STU03147,2,Private
STU12450,1,Public
STU09265,0,Private
STU03053,0,Private
STU09480,0,Private
STU03107,1,Public
STU08644,0,Private
STU12012,1,Public
STU11207,0,Private
STU05987,0,Public
STU02004,1,Public
STU06669,0,Public
STU05164,2,Private
STU02950,1,Private
STU14926,0,Public
STU11243,0,Private
STU10121,0,Private
STU04111,1,Private
STU08393,1,Private
STU09372,1,Private
STU09237,0,Private
STU13366,0,Public
STU11025,0,Public
STU05235,0,Private
STU02846,1,Private
STU13949,0,Private
STU12440,2,Public
STU00970,2,Private
STU08659,0,Private
STU13401,1,Public
STU14205,0,Public
STU05829,0,Private
STU02095,1,Private
STU00721,2,Public
STU04969,0,Public
STU09662,1,Public
STU00430,1,Private
STU01050,0,Public
STU04705,1,Public
STU04674,1,Private
STU03187,0,Public
STU03659,0,Private
STU07807,0,Public
STU08335,2,Public
STU14482,1,Public
STU14184,0,Private
STU09078,0,Private
STU06487,2,Private
STU06370,1,Private
STU08911,0,Private
STU00832,2,Public
STU04539,1,Public
STU05996,1,Private
STU02050,0,Public
STU06327,0,Public
STU05990,2,Public
STU12682,0,Public
STU14510,0,Public
STU12093,0,Private
STU01404,0,Private
STU00425,0,Private
STU00156,1,Private
STU00847,0,Private
STU11740,1,Public
STU01496,2,Private
STU02781,2,Private
STU00221,0,Public
STU11697,0,Private
STU00873,1,Private
STU05772,0,Private
STU08817,0,Private
STU01966,1,Public
STU01208,0,Private
STU12293,2,Private
STU11674,0,Public
STU08152,0,Private
STU06023,0,Private
STU06913,0,Private
STU03538,0,Private
STU12235,0,Private
STU00812,0,Public
STU12577,0,Public
STU01166,0,Private
STU08991,0,Private
STU01238,0,Public
STU11757,0,Public
STU04743,2,Private
STU03401,1,Private
STU04134,0,Private
STU09532,1,Public
STU08629,0,Public
STU02792,1,Public
STU02729,1,Private
STU03062,1,Public
STU08098,0,Private
STU14937,0,Public
STU12795,0,Private
STU09832,0,Private
STU05155,1,Private
STU09357,1,Public
STU10839,0,Public
STU08251,0,Public
STU08112,0,Private
STU09113,0,Private
STU13002,1,Private
STU04915,0,Private
STU05401,0,Private
STU11795,0,Public
STU08009,1,Private
STU00664,0,Private
STU04085,2,Private
STU12771,1,Private
STU13180,0,Public
STU07083,2,Public
STU13190,1,Private
STU12837,1,Public
STU14745,0,Private
STU06133,0,Public
STU02294,0,Private
STU02881,0,Public
STU12103,0,Private
STU13588,2,Private
STU11106,1,Public
STU09426,0,Private
STU11080,0,Private
STU13917,1,Private
STU01939,1,Private
STU01731,0,Private
STU13211,1,Public
STU03180,0,Public
STU02625,2,Public
STU03396,2,Private
STU03182,0,Public
STU10480,1,Private
STU13294,0,Private
STU03021,2,Private
STU01730,0,Private
STU06465,0,Public
STU12954,2,Public
STU03511,0,Private
STU03387,0,Private
STU02683,0,Private
STU13967,1,Private
STU07234,0,Public
STU04577,0,Private
STU04534,2,Private
STU12361,2,Private
STU03733,0,Public
STU12382,0,Private
STU00342,1,Private
STU12234,1,Public
STU14157,2,Private
STU12090,0,Public
STU10011,0,Private
STU02964,0,Private
STU11950,0,Public
STU10999,0,Private
STU04670,0,Private
STU04055,1,Private
STU11637,2,Private
STU12691,1,Private
STU14729,1,Private
STU11528,0,Private
STU11568,0,Public
STU08468,0,Private
STU06138,0,Public
STU01611,0,Private
STU08626,1,Private
STU01441,2,Public
STU06384,0,Private
STU05231,1,Private
STU03238,0,Public
STU06740,0,Private
STU05047,0,Private
STU10566,1,Public
STU13415,0,Private
STU11930,0,Public
STU00217,1,Private
STU11480,0,Private
STU07388,0,Private
STU05156,0,Private
STU06470,1,Private
STU02183,0,Private
STU05883,0,Private
STU07886,2,Private
STU05889,1,Public
STU13375,0,Private
STU13714,0,Public
STU12680,0,Public
STU04644,2,Public
STU00742,2,Private
STU05773,2,Private
STU02829,1,Private
STU08984,2,Public
STU01394,0,Private
STU10548,0,Private
STU06559,0,Private
STU10227,0,Private
STU09690,1,Private
STU05821,0,Private
STU13114,0,Private
STU04226,0,Public
STU09067,0,Public
STU05922,0,Private
STU09624,0,Public
STU04116,0,Private
STU13425,0,Private
STU06903,0,Private
STU07494,0,Private
STU08557,0,Private
STU01242,1,Private
STU13496,1,Private
STU10226,0,Private
STU07098,0,Private
STU05471,1,Private
STU04551,0,Private
STU07429,1,Private
STU12422,1,Private
STU13655,0,Private
STU12069,0,Private
STU13332,0,Private
STU12935,0,Public
STU10749,0,Public
STU04135,0,Private
STU01933,0,Public
STU04684,1,Public
STU05421,2,Public
STU11075,0,Public
STU07758,0,Public
STU05617,2,Private
STU01183,0,Private
STU05418,2,Private
STU01961,0,Private
STU09680,1,Public
STU12827,1,Private
STU06628,0,Private
STU08068,0,Public
STU04771,0,Private
STU05901,1,Private
STU14104,0,Private
STU01402,0,Private
STU10801,0,Private
STU09381,0,Public
STU06335,1,Private
STU06333,1,Public
STU12847,0,Private
STU08196,0,Private
STU04970,0,Private
STU08412,1,Private
STU00395,0,Public
STU10261,1,Public
STU02176,1,Public
STU08006,0,Public
STU10943,0,Private
STU08445,1,Private
STU12705,1,Public
STU04840,0,Private
STU03283,1,Private
STU12524,0,Private
STU01135,1,Private
STU09614,0,Public
STU09840,2,Private
STU13213,2,Private
STU09698,0,Private
STU06850,1,Public
STU04623,2,Private
STU01048,1,Public
STU12497,1,Public
STU07284,1,Private
STU04574,0,Private
STU09648,0,Private
STU02096,0,Public
STU01409,1,Private
STU03794,0,Public
STU00876,1,Public
STU12924,1,Private
STU03491,0,Private
STU09341,1,Private
STU09636,0,Private
STU06646,1,Private
STU11047,1,Private
STU07036,0,Public
STU13336,0,Private
STU08494,0,Private
STU07957,0,Public
STU10732,0,Private
STU07185,0,Private
STU02244,2,Public
STU05765,0,Public
STU07716,0,Private
STU06887,0,Public
STU09634,1,Private
STU06267,2,Private
STU04661,0,Private
STU03161,0,Private
STU05981,0,Private
STU01119,0,Private
STU10404,0,Private
STU01396,0,Private
STU14713,1,Public
STU12407,0,Private
STU13455,1,Private
STU04980,0,Private
STU04629,0,Private
STU03829,1,Private
STU00599,1,Private
STU08369,0,Private
STU01436,0,Private
STU01789,1,Private
STU00107,0,Private
STU09215,0,Private
STU09720,2,Public
STU11211,0,Private
STU08305,0,Private
STU04329,1,Public
STU11283,1,Private
STU13153,2,Public
STU05315,0,Private
STU12426,0,Private
STU14258,0,Public
STU04294,0,Private
STU13552,1,Private
STU05382,0,Private
STU05461,0,Public
STU12033,0,Public
STU00670,0,Private
STU08261,1,Private
STU08660,0,Private
STU09953,0,Public
STU14119,2,Private
STU14981,0,Private
STU09558,0,Private
STU02216,0,Public
STU13189,0,Private
STU10502,0,Private
STU00270,0,Private
STU03592,0,Private
STU07222,0,Private
STU03026,2,Private
STU13450,0,Public
STU09819,0,Private
STU10298,0,Private
STU13723,0,Public
STU00753,1,Private
STU02801,1,Private
STU01199,2,Public
STU13027,0,Private
STU05669,1,Private
STU03449,0,Private
STU11639,0,Public
STU10174,2,Private
STU08110,0,Private
STU00338,2,Private
STU14659,0,Private
STU11765,1,Public
STU04247,0,Private
STU13815,2,Public
STU11366,1,Public
STU04951,0,Private
STU11063,0,Private
STU13889,0,Private
STU09726,0,Private
STU07182,0,Private
STU12597,0,Public
STU06807,0,Private
STU06428,0,Private
STU01124,2,Private
STU12299,0,Public
STU12752,0,Private
STU11847,0,Private
STU14002,0,Public
STU13925,0,Public
STU09129,0,Private
STU10864,1,Private
STU08654,1,Public
STU07502,0,Private
STU08331,0,Public
STU14371,0,Private
STU03174,1,Private
STU00202,0,Private
STU01991,0,Private
STU01173,1,Private
STU05244,0,Public
STU10221,1,Private
STU04742,0,Private
STU11907,0,Private
STU12646,0,Public
STU12295,0,Public
STU13481,2,Public
STU01566,0,Private
STU05209,0,Private
STU02114,0,Private
STU08284,0,Private
STU12115,0,Private
STU05723,0,Public
STU03886,2,Private
STU03172,1,Private
STU02488,2,Private
STU01806,1,Private
STU09892,1,Private
STU12400,0,Private
STU00788,2,Public
STU13546,0,Public
STU00587,1,Private
STU00255,0,Private
STU12512,2,Private
STU11735,2,Private
STU00610,1,Public
STU02129,1,Public
STU06359,1,Private
STU12850,0,Private
STU01917,2,Public
STU00551,0,Private
STU09156,1,Public
STU12489,1,Private
STU06781,0,Public
STU08334,0,Private
STU09699,2,Private
STU01668,0,Private
STU02281,1,Public
STU12256,0,Public
STU03731,0,Private
STU04997,0,Private
STU11823,0,Private
STU14947,1,Public
STU04142,0,Private
STU09887,0,Private
STU04723,0,Private
STU04484,0,Public
STU01615,0,Private
STU03632,1,Public
STU06259,0,Public
STU05868,1,Private
STU06745,0,Public
STU08652,1,Private
STU08134,0,Private
STU10158,1,Private
STU09851,2,Private
STU12525,2,Public
STU02150,0,Private
STU08884,2,Private
STU06063,1,Public
STU11771,0,Private
STU07623,1,Public
STU03170,0,Public
STU00468,0,Private
STU14040,1,Public
STU08364,0,Private
STU14801,1,Private
STU12854,1,Private
STU03356,0,Public
STU05530,0,Public
STU06856,0,Public
STU10688,1,Private
STU08202,2,Private
STU07041,0,Public
STU05929,2,Private
STU01685,1,Public
STU02872,2,Private
STU12395,0,Private
STU05147,1,Private
STU09222,0,Private
STU11146,0,Private
STU05982,0,Private
STU03779,2,Private
STU13686,0,Public
STU02218,1,Private
STU10073,1,Private
STU01593,0,Private
STU02382,0,Private
STU04628,0,Private
STU09716,1,Private
STU07004,0,Private
STU01779,0,Public
STU11644,0,Public
STU05252,0,Public
STU01179,2,Public
STU07106,1,Private
STU09005,0,Public
STU00575,0,Private
STU04974,1,Private
STU07137,1,Public
STU01125,2,Private
STU14546,0,Private
STU07002,2,Private
STU02030,0,Private
STU00766,0,Private
STU00392,1,Public
STU02568,0,Private
STU08966,0,Private
STU06401,2,Private
STU10440,0,Public
STU00041,0,Private
STU00879,1,Public
STU11681,2,Public
STU04267,0,Public
STU12874,0,Private
STU07118,0,Private
STU05519,0,Private
STU04517,1,Private
STU11435,1,Private
STU14468,0,Private
STU06424,0,Private
STU07983,1,Private
STU01005,1,Public
STU01514,1,Private
STU10000,1,Private
STU14248,0,Private
STU07254,0,Private
STU11947,0,Private
STU07826,0,Private
STU03723,0,Private
STU12143,0,Private
STU04101,2,Public
STU08290,0,Private
STU02868,0,Private
STU10603,1,Public
STU02309,1,Private
STU04617,1,Private
STU06145,1,Private
STU09945,1,Public
STU13991,0,Private
STU06298,0,Private
STU14168,0,Public
STU05427,0,Public
STU05492,0,Private
STU01553,1,Public
STU14050,0,Private
STU06813,2,Private
STU13576,0,Public
STU03820,0,Private
STU09821,0,Private
STU06786,0,Private
STU06974,0,Private
STU09940,0,Private
STU12775,2,Public
STU03005,1,Private
STU06914,0,Private
STU01392,0,Public
STU13458,0,Private
STU04686,0,Private
STU13182,1,Private
STU06363,0,Public
STU04041,0,Private
STU13479,0,Private
STU12743,1,Public
STU07349,2,Public
STU07016,1,Public
STU14160,0,Private
STU06107,0,Private
STU07277,0,Private
STU05666,0,Private
STU14533,0,Public
STU12810,0,Private
STU01799,0,Private
STU07641,0,Public
STU07900,1,Public
STU09368,0,Public
STU03159,1,Private
STU03658,0,Private
STU10063,0,Private
STU14380,0,Private
STU02203,0,Private
STU02949,0,Private
STU00909,0,Private
STU04886,1,Public
STU07535,1,Public
STU05294,2,Public
STU08584,0,Public
STU09948,1,Private
STU11966,0,Private
STU03983,1,Public
STU03267,0,Public
STU06398,2,Private
STU01122,0,Private
STU06436,0,Private
STU03623,0,Private
STU06999,1,Public
STU07986,1,Public
STU10338,2,Private
STU05835,1,Private
STU03528,0,Public
STU14678,0,Private
STU09541,2,Private
STU04161,1,Private
STU10832,1,Private
STU05527,0,Private
STU01962,2,Private
STU01062,0,Private
STU14391,1,Public
STU11744,1,Public
STU02532,0,Private
STU01498,1,Private
STU05744,0,Public
STU07453,2,Private
STU01184,0,Private
STU05874,0,Public
STU07677,0,Private
STU07091,1,Private
STU05199,2,Private
STU04037,1,Public
STU10794,2,Private
STU02724,2,Private
STU09946,1,Private
STU09359,0,Private
STU12904,2,Private
STU11694,2,Private
STU06294,0,Private
STU07913,1,Private
STU00649,0,Public
STU06488,2,Private
STU01393,0,Private
STU07684,0,Private
STU00405,0,Public
STU10529,0,Private
STU14321,2,Private
STU08038,0,Private
STU07224,1,Public
STU13554,0,Private
STU02167,0,Private
STU03051,1,Public
STU00983,0,Private
STU03332,0,Private
STU04516,1,Private
STU02794,0,Private
STU04250,1,Private
STU08954,1,Private
STU01813,0,Private
STU00007,0,Private
STU14128,0,Private
STU13119,2,Private
STU11722,0,Private
STU08758,1,Private
STU14648,1,Private
STU00391,0,Private
STU08755,1,Private
STU03619,0,Public
STU07452,1,Private
STU12179,1,Public
STU10615,0,Private
STU01108,0,Private
STU13353,0,Private
STU12993,0,Private
STU08516,0,Private
STU05025,0,Private
STU05460,0,Public
STU10454,0,Private
STU07774,1,Public
STU11131,1,Public
STU12609,1,Private
STU13527,0,Private
STU08092,1,Private
STU10897,1,Private
STU07135,0,Private
STU07602,1,Private
STU07170,0,Private
STU05397,0,Private
STU10092,2,Public
STU06764,0,Private
STU12187,0,Private
STU01671,1,Private
STU00244,0,Private
STU02838,0,Private
STU01296,0,Private
STU12538,0,Private
STU11809,0,Private
STU11970,0,Private
STU12988,2,Private
STU01464,1,Public
STU05926,0,Public
STU06981,2,Public
STU14658,0,Private
STU10010,0,Private
STU02708,0,Public
STU07499,1,Private
STU03223,1,Public
STU00897,0,Private
STU05904,0,Private
STU01438,2,Public
STU10878,1,Private
STU07024,0,Public
STU14246,0,Public
STU01643,0,Private
STU05081,0,Private
STU13243,0,Private
STU11369,0,Private
STU06417,0,Private
STU07366,0,Private
STU07653,1,Public
STU06055,0,Private
STU00641,0,Public
STU08132,0,Public
STU02102,0,Private
STU07270,0,Public
STU01010,0,Private
STU08281,0,Private
STU12228,0,Public
STU13313,1,Private
STU10056,2,Public
STU01233,0,Private
STU01147,1,Private
STU05599,1,Private
STU08078,0,Private
STU07271,0,Public
STU04327,2,Private
STU00323,0,Private
STU06585,0,Private
STU13399,0,Private
STU09459,0,Private
STU08785,0,Public
STU08721,0,Public
STU00740,0,Private
STU10531,0,Private
STU11997,0,Private
STU08072,0,Private
STU14595,0,Private
STU07786,2,Public
STU10275,0,Private
STU12239,0,Public
STU09929,1,Private
STU14284,1,Private
STU08666,1,Private
STU14511,1,Public
STU05839,1,Private
STU00143,1,Private
STU08300,1,Private
STU09020,1,Public
STU06021,0,Private
STU11499,1,Private
STU13824,2,Public
STU07088,0,Public
STU01453,0,Public
STU14156,1,Private
STU09689,1,Private
STU08170,0,Private
STU03018,1,Public
STU12160,0,Private
STU07877,0,Private
STU03525,0,Private
STU10459,0,Private
STU14591,0,Public
STU04988,1,Private
STU07887,0,Private
STU08569,0,Private
STU03478,0,Private
STU14071,0,Private
STU04789,2,Private
STU13394,0,Public
STU09118,1,Public
STU07363,2,Private
STU11312,0,Private
STU03609,1,Public
STU10597,0,Public
STU02459,0,Public
STU01500,0,Private
STU04470,1,Public
STU14614,1,Private
STU13878,1,Public
STU11610,0,Private
STU00840,2,Public
STU04948,0,Private
STU13717,0,Public
STU03140,0,Private
STU09072,0,Public
STU11412,1,Private
STU09027,0,Private
STU11575,0,Private
STU08729,0,Private
STU01036,2,Private
STU03227,0,Private
STU09242,0,Private
STU02029,1,Private
STU13929,0,Private
STU14805,1,Private
STU13158,0,Private
STU13311,0,Private
STU02690,0,Public
STU09907,2,Private
STU14317,0,Private
STU08921,1,Public
STU03571,0,Private
STU07288,0,Public
STU11265,0,Private
STU08245,0,Public
STU05860,0,Private
STU11512,2,Private
STU05588,0,Private
STU01950,1,Private
STU11535,0,Private
STU01485,0,Private
STU04774,0,Public
STU02525,0,Private
STU07208,1,Public
STU01322,0,Private
STU02576,2,Private
STU01240,2,Private
STU09630,0,Private
STU07013,2,Private
STU08775,1,Private
STU01071,2,Public
STU12870,0,Private
STU13909,0,Public
STU05061,0,Private
STU13167,1,Private
STU03457,1,Private
STU05747,2,Public
STU07243,0,Private
STU03777,0,Public
STU00092,0,Private
STU13009,2,Public
STU01395,0,Private
STU09406,0,Private
STU00542,1,Private
STU05956,0,Private
STU06563,0,Private
STU12478,1,Private
STU03310,1,Private
STU08502,0,Private
STU07467,0,Private
STU13674,2,Private
STU10903,0,Private
STU04133,1,Public
STU02948,2,Private
STU08713,0,Public
STU06486,0,Private
STU02119,1,Private
STU14051,1,Private
STU13520,1,Private
STU04794,0,Private
STU12393,2,Private
STU05269,0,Private
STU02447,2,Public
STU11152,2,Private
STU00254,0,Public
STU13803,1,Private
STU12880,0,Private
STU11864,0,Private
STU03012,0,Private
STU03036,1,Private
STU11049,0,Public
STU14309,1,Private
STU06640,0,Private
STU10287,1,Private
STU05711,0,Private
STU02166,2,Private
STU02331,0,Public
STU00492,1,Private
STU13022,0,Private
STU02465,0,Public
STU13026,0,Private
STU07213,0,Public
STU07969,0,Public
STU12921,0,Public
STU00017,0,Private
STU09098,0,Private
STU06678,1,Private
STU08149,1,Private
STU07305,0,Private
STU04197,1,Private
STU07805,0,Private
STU14223,1,Public
STU13103,1,Private
STU11865,1,Public
STU01852,0,Private
STU07136,2,Private
STU01749,0,Public
STU04486,1,Public
STU02584,0,Private
STU07022,2,Private
STU09102,2,Public
STU13451,1,Private
STU10914,0,Public
STU05814,1,Private
STU03037,0,Private
STU06163,1,Public
STU03496,0,Public
STU07100,0,Public
STU09675,0,Private
STU07077,0,Public
STU00683,0,Private
STU02253,0,Public
STU13165,0,Private
STU06136,0,Private
STU14572,1,Private
STU09827,1,Private
STU09987,0,Private
STU09641,0,Private
STU06078,0,Private
STU01291,0,Private
STU00069,0,Public
STU07252,1,Private
STU01373,0,Private
STU10108,0,Public
STU07355,2,Private
STU11253,1,Private
STU02704,0,Private
STU00216,0,Private
STU11084,2,Private
STU09087,0,Public
STU01310,0,Private
STU11501,0,Private
STU04351,0,Public
STU07114,0,Public
STU14213,0,Private
STU12770,1,Public
STU12800,1,Private
STU05023,1,Public
STU10575,2,Public
STU14202,0,Public
STU11348,0,Private
STU10232,1,Private
STU13111,0,Private
STU12962,1,Private
STU10116,1,Public
STU09543,0,Private
STU03573,0,Private
STU02651,0,Private
STU04848,0,Public
STU03726,0,Private
STU06826,0,Public
STU13462,2,Private
STU08621,0,Private
STU00849,0,Private
STU13880,1,Private
STU10307,1,Private
STU11342,0,Private
STU04296,2,Private
STU04361,0,Private
STU03899,2,Private
STU08118,2,Private
STU00101,0,Private
STU11687,0,Private
STU07831,2,Private
STU07582,0,Public
STU08667,0,Private
STU11244,1,Public
STU11051,0,Private
STU12711,0,Private
STU13384,0,Private
STU13387,0,Private
STU09254,0,Private
STU06466,0,Private
STU05442,0,Private
STU01220,0,Public
STU05777,0,Private
STU09607,0,Public
STU13934,2,Private
STU05731,0,Private
STU14856,2,Private
STU01664,2,Public
STU09977,0,Public
STU14503,2,Private
STU10587,2,Public
STU12860,0,Public
STU11180,2,Public
STU10790,0,Private
STU06931,1,Private
STU13467,0,Private
STU04171,2,Public
STU13914,0,Private
STU01665,2,Private
STU00133,1,Private
STU06380,1,Public
STU08472,0,Public
STU10005,2,Public
STU04864,0,Private
STU08920,2,Private
STU11343,2,Public
STU03439,0,Public
STU13488,0,Public
STU00171,0,Private
STU13955,0,Public
STU13597,1,Private
STU12372,0,Private
STU00650,0,Private
STU13492,0,Public
STU09707,2,Public
STU07542,0,Private
STU05071,0,Private
STU00214,0,Private
STU13730,1,Private
STU10954,1,Public
STU01928,0,Private
STU03715,1,Private
STU02899,0,Public
STU09485,2,Private
STU03452,0,Private
STU11877,0,Private
STU08697,0,Private
STU02513,2,Private
STU05667,0,Private
STU11969,1,Public
STU04119,0,Private
STU12826,0,Private
STU00858,2,Public
STU12654,0,Private
STU02158,0,Private
STU06046,0,Private
STU01986,2,Private
STU14930,0,Private
STU04425,1,Public
STU03966,0,Public
STU09079,0,Public
STU02049,1,Private
STU01531,0,Private
STU06175,1,Public
STU02574,2,Private
STU05454,1,Private
STU10521,1,Private
STU07902,2,Private
STU12261,0,Public
STU13015,1,Private
STU07856,0,Private
STU08267,2,Private
STU02832,2,Private
STU06478,1,Private
STU07638,0,Private
STU13958,0,Public
STU08913,0,Private
STU11661,1,Private
STU12277,0,Private
STU03313,1,Public
STU03758,1,Public
STU11385,0,Public
STU14124,0,Private
STU14714,1,Private
STU05819,1,Public
STU04639,0,Private
STU06116,0,Private
STU14046,0,Private
STU13653,0,Private
STU01001,0,Private
STU10112,0,Private
STU02280,1,Public
STU08448,0,Private
STU06181,0,Private
STU14920,0,Private
STU04564,0,Private
STU04780,1,Private
STU11116,1,Public
STU14158,0,Private
STU09349,0,Public
STU12054,0,Public
STU01633,1,Private
STU04189,0,Private
STU14715,1,Public
STU11426,2,Private
STU04672,0,Private
STU04270,0,Public
STU05402,0,Private
STU09010,0,Private
STU11822,1,Private
STU12149,1,Public
STU06113,0,Private
STU04436,0,Private
STU03480,0,Private
STU13355,0,Public
STU11954,0,Private
STU11561,0,Public
STU10152,0,Private
STU03155,0,Public
STU02099,1,Private
STU00508,0,Private
STU00322,0,Private
STU05699,0,Public
STU10380,0,Private
STU09144,0,Private
STU07149,0,Private
STU03602,0,Private
STU14022,0,Private
STU11649,0,Private
STU04977,2,Private
STU00950,2,Private
STU03919,2,Private
STU03700,2,Private
STU00348,0,Private
STU01257,0,Public
STU09399,0,Private
STU13632,0,Private
STU13976,0,Private
STU13403,0,Public
STU09799,0,Private
STU00316,0,Private
STU02833,0,Private
STU03828,0,Public
STU05245,0,Private
STU01424,0,Private
STU11268,1,Private
STU10364,0,Private
STU10944,1,Private
STU14496,0,Private
STU08689,1,Public
STU10640,1,Private
STU00343,0,Private
STU08605,0,Public
STU05095,0,Public
STU08094,2,Private
STU13671,2,Private
STU04419,1,Private
STU07130,1,Private
STU13715,0,Private
STU00569,0,Private
STU12841,1,Public
STU04946,0,Private
STU12730,0,Private
STU06568,2,Public
STU11163,0,Public
STU06851,1,Private
STU11908,0,Private
STU13221,0,Private
STU01118,1,Private
STU00845,1,Private
STU12519,0,Private
STU01860,1,Private
STU03057,0,Private
STU06271,0,Public
STU10443,0,Private
STU01963,1,Private
STU11271,1,Private
STU14404,1,Private
STU07916,0,Private
STU13292,0,Public
STU01687,0,Private
STU06675,1,Private
STU00128,0,Public
STU11726,0,Public
STU06151,2,Private
STU11123,1,Public
STU08140,0,Private
STU02118,0,Public
STU08086,0,Private
STU06659,1,Public
STU12412,0,Private
STU05034,0,Private
STU01841,2,Private
STU12944,0,Public
STU11712,0,Private
STU06632,0,Private
STU08560,1,Private
STU12570,0,Public
STU00190,1,Public
STU13529,2,Private
STU02110,0,Private
STU05840,2,Private
STU02127,0,Private
STU02506,0,Private
STU07333,0,Public
STU02754,0,Private
STU03388,0,Public
STU13468,0,Private
STU08772,0,Private
STU09661,1,Private
STU05072,0,Public
STU01490,1,Public
STU03411,1,Public
STU09206,0,Public
STU01123,0,Public
STU08924,0,Private
STU04212,0,Public
STU02863,0,Public
STU10768,1,Private
STU01024,0,Private
STU09579,0,Private
STU02732,0,Public
STU04637,0,Private
STU14111,2,Public
STU09798,0,Public
STU00972,0,Private
STU06096,0,Public
STU08594,0,Private
STU12466,1,Private
STU01397,0,Private
STU14132,1,Private
STU00258,2,Public
STU14254,0,Private
STU13611,0,Private
STU11508,0,Private
STU07152,0,Private
STU06088,0,Public
STU08311,0,Private
STU06831,0,Public
STU00689,0,Private
STU13242,0,Private
STU07021,0,Public
STU11383,1,Private
STU07878,1,Public
STU05158,1,Private
STU03650,0,Private
STU02275,2,Private
STU03764,2,Private
STU13786,2,Private
STU14163,1,Public
STU14177,0,Public
STU03236,0,Public
STU06395,0,Public
STU14660,1,Private
STU09794,1,Private
STU06880,1,Private
STU08105,0,Public
STU03670,2,Private
STU05136,1,Private
STU10017,0,Public
STU00549,0,Private
STU11679,0,Private
STU06691,0,Public
STU10264,0,Private
STU10798,1,Private
STU00732,2,Public
STU04973,1,Private
STU14058,0,Private
STU07680,2,Private
STU07492,1,Private
STU10276,0,Private
STU07530,0,Private
STU01940,0,Private
STU05451,0,Public
STU13162,0,Private
STU10562,0,Private
STU11545,0,Private
STU11214,2,Public
STU06214,2,Private
STU08220,0,Public
STU13886,0,Public
STU03370,0,Public
STU09834,0,Private
STU10692,0,Private
STU13480,1,Private
STU09002,0,Public
STU00479,0,Private
STU08959,0,Private
STU03202,1,Private
STU02319,0,Public
STU09792,1,Private
STU07436,2,Private
STU08423,0,Private
STU12909,2,Public
STU05823,0,Public
STU08841,1,Private
STU06379,0,Private
STU08055,0,Private
STU09227,0,Private
STU03052,1,Public
STU12351,1,Private
STU05201,1,Private
STU14519,0,Private
STU11844,0,Private
STU07180,1,Private
STU07633,0,Public
STU14972,0,Private
STU02238,0,Public
STU12423,0,Private
STU01989,0,Private
STU09861,2,Private
STU11987,0,Private
STU11715,1,Private
STU10939,2,Private
STU05714,0,Private
STU01674,2,Public
STU13669,0,Private
STU14114,0,Private
STU10220,0,Private
STU01684,0,Private
STU06221,2,Private
STU08108,0,Public
STU09425,0,Private
STU04787,0,Public
STU00522,0,Public
STU07812,0,Public
STU05949,0,Private
STU13080,0,Private
STU12885,0,Public
STU03574,0,Private
STU14373,0,Private
STU09915,1,Public
STU13707,1,Private
STU02934,2,Private
STU09960,0,Private
STU03083,0,Private
STU11361,1,Private
STU09949,1,Private
STU06385,0,Private
STU10422,0,Private
STU12804,0,Public
STU14893,0,Private
STU11318,2,Private
STU08952,1,Public
STU11695,0,Public
STU11305,2,Private
STU09846,0,Private
STU05080,2,Private
STU11690,1,Private
STU11645,2,Public
STU02835,0,Private
STU01549,0,Public
STU12469,0,Private
STU13464,2,Private
STU04063,0,Private
STU08082,0,Private
STU03840,1,Private
STU09319,0,Private
STU03591,2,Private
STU04708,1,Private
STU11178,0,Private
STU08240,0,Private
STU10637,0,Private
STU08931,0,Private
STU10997,0,Public
STU10763,0,Private
STU07616,0,Private
STU09565,0,Public
STU07897,0,Public
STU11078,0,Public
STU08885,2,Private
STU03787,1,Private
STU06984,0,Private
STU10672,1,Private
STU03098,0,Private
STU04972,0,Private
STU05507,0,Private
STU14712,2,Private
STU13601,0,Private
STU11863,0,Private
STU07970,1,Public
STU04411,0,Private
STU09423,0,Private
STU03216,0,Private
STU06183,0,Public
STU05741,0,Public
STU04492,2,Private
STU03773,1,Public
STU01798,0,Private
STU06798,0,Public
STU05523,2,Private
STU12528,0,Private
STU07528,1,Private
STU05626,0,Private
STU07064,0,Public
STU00140,1,Public
STU12342,1,Private
STU07236,2,Private
STU14486,0,Private
STU11370,0,Private
STU13373,0,Private
STU08955,1,Private
STU07631,0,Private
STU13362,1,Public
STU03319,1,Private
STU04955,1,Private
STU06998,0,Private
STU08430,0,Public
STU13386,1,Private
STU02501,0,Private
STU05585,1,Private
STU00986,0,Private
STU02711,1,Private
STU00892,0,Private
STU01347,0,Public
STU09089,0,Private
STU14170,1,Public
STU10040,0,Private
STU06076,2,Private
STU11656,0,Public
STU05291,0,Private
STU05830,0,Public
STU10961,0,Private
STU14597,0,Private
STU05275,2,Private
STU00232,0,Public
STU00708,0,Private
STU03488,0,Private
STU02406,0,Private
STU07035,0,Private
STU07590,0,Public
STU07822,2,Private
STU09180,0,Public
STU11648,0,Private
STU06746,2,Private
STU02597,0,Public
STU04689,0,Public
STU00536,0,Public
STU05531,0,Private
STU13323,0,Private
STU14631,2,Private
STU12270,0,Public
STU03117,0,Public
STU08004,0,Private
STU02966,0,Public
STU01675,0,Private
STU08724,1,Private
STU09854,0,Private
STU09169,0,Private
STU01600,0,Private
STU07579,0,Public
STU01797,1,Public
STU02822,0,Public
STU01739,0,Private
STU14759,0,Public
STU02731,1,Private
STU01430,0,Private
STU11487,1,Private
STU11577,1,Private
STU12480,0,Public
STU00894,0,Private
STU00284,2,Private
STU00336,0,Public
STU11719,2,Public
STU14166,0,Private
STU07612,1,Private
STU06503,0,Private
STU12367,2,Private
STU13656,1,Private
STU09963,0,Private
STU14778,0,Private
STU11125,2,Private
STU08383,2,Private
STU02725,0,Private
STU03640,0,Private
STU00009,0,Private
STU09124,0,Private
STU01920,2,Private
STU10239,1,Private
STU10520,1,Private
STU12499,1,Private
STU13998,0,Public
STU14582,0,Private
STU03932,0,Public
STU01519,1,Private
STU09702,0,Private
STU09708,0,Private
STU05100,1,Private
STU03585,2,Private
STU04592,1,Private
STU04229,2,Private
STU01957,0,Private
STU03476,0,Public
STU13821,0,Public
STU10604,0,Private
STU04283,2,Private
STU09544,0,Public
STU12413,0,Public
STU04697,0,Public
STU08071,2,Private
STU14049,1,Private
STU09326,0,Private
STU11122,0,Public
STU03124,2,Private
STU13816,2,Public
STU04664,0,Public
STU08469,1,Private
STU01186,1,Public
STU00654,0,Public
STU05995,2,Public
STU10841,0,Public
STU14338,0,Public
STU03479,1,Private
STU03090,1,Private
STU01276,1,Private
STU02198,0,Private
STU06531,1,Public
STU09535,1,Private
STU13593,0,Private
STU11540,0,Public
STU09567,1,Private
STU04675,0,Public
STU02278,2,Private
STU04998,0,Private
STU06314,0,Private
STU05508,0,Private
STU01307,1,Private
STU10069,0,Private
STU11554,0,Public
STU08028,0,Public
STU00509,0,Private
STU13990,0,Private
STU07332,2,Private
STU02409,1,Private
STU04162,0,Private
STU02981,0,Private
STU06538,1,Private
STU12707,1,Private
STU04746,0,Private
STU07303,2,Private
STU10696,0,Public
STU11171,1,Private
STU12006,0,Public
STU02471,0,Public
STU14360,2,Public
STU12493,2,Private
STU12797,2,Private
STU13944,0,Public
STU06091,2,Private
STU12468,0,Private
STU03475,0,Private
STU05167,2,Public
STU06389,2,Private
STU08116,0,Private
STU09655,0,Public
STU12782,0,Public
STU12250,0,Private
STU03782,1,Private
STU00454,0,Private
STU02330,0,Private
STU12681,0,Private
STU14288,0,Private
STU13066,0,Public
STU13222,0,Private
STU00380,0,Private
STU02918,0,Private
STU04016,0,Private
STU14038,2,Private
STU01381,0,Public
STU09142,2,Private
STU09604,0,Public
STU11225,0,Private
STU11880,0,Public
STU03024,2,Public
STU13363,0,Private
STU14259,1,Public
STU05163,0,Private
STU01035,1,Private
STU12366,0,Public
STU11962,0,Public
STU10761,1,Private
STU14063,2,Private
STU02759,0,Private
STU10408,1,Private
STU04237,1,Private
STU04874,0,Private
STU11741,0,Private
STU06806,0,Private
STU04614,0,Public
STU04529,1,Private
STU08014,1,Private
STU01589,0,Private
STU03467,0,Private
STU09999,1,Private
STU06241,0,Private
STU08826,0,Private
STU03027,0,Private
STU03703,0,Private
STU08723,0,Private
STU01550,0,Private
STU00581,0,Private
STU02675,0,Private
STU14513,1,Private
STU13679,0,Private
STU05719,0,Public
STU10091,0,Private
STU08896,2,Public
STU05705,2,Private
STU03626,0,Private
STU12568,0,Public
STU01656,0,Public
STU10697,2,Private
STU04340,1,Private
STU10340,0,Private
STU04331,0,Public
STU06733,2,Private
STU13568,0,Private
STU03361,0,Private
STU03287,0,Private
STU05686,1,Private
STU08800,1,Public
STU10052,0,Private
STU08143,1,Private
STU06915,0,Private
STU09437,0,Public
STU11182,1,Private
STU06016,0,Public
STU07918,0,Private
STU12325,0,Private
STU09128,1,Private
STU07639,0,Public
STU05452,2,Public
STU12583,1,Private
STU13522,1,Public
STU12776,1,Public
STU07501,2,Private
STU00747,1,Private
STU07923,0,Public
STU02664,0,Private
STU09837,0,Public
STU12112,0,Private
STU07574,1,Private
STU03394,1,Private
STU00871,1,Private
STU08157,0,Private
STU04906,0,Private
STU04365,0,Public
STU02629,0,Private
STU09311,0,Private
STU00906,1,Private
STU12845,0,Private
STU03686,0,Private
STU11296,0,Public
STU06204,0,Private
STU09992,0,Private
STU11749,0,Private
STU03255,0,Private
STU07482,1,Private
STU03948,0,Private
STU09766,1,Public
STU06512,2,Public
STU08500,1,Public
STU03989,2,Private
STU02364,1,Public
STU01262,2,Private
STU12313,0,Private
STU11439,0,Private
STU02557,2,Private
STU08891,0,Public
STU00286,0,Private
STU06020,0,Private
STU10217,0,Private
STU06121,0,Private
STU14437,0,Private
STU07335,1,Private
STU08756,1,Private
STU04597,0,Private
STU01810,0,Private
STU14717,0,Public
STU05335,1,Private
STU14795,0,Public
STU06541,0,Private
STU02112,2,Private
STU08416,1,Public
STU13459,1,Private
STU05307,0,Private
STU07197,0,Private
STU04570,0,Private
STU05967,0,Private
STU08612,0,Public
STU01577,1,Private
STU02237,0,Public
STU07643,0,Private
STU08639,1,Public
STU00896,1,Private
STU01488,0,Private
STU11132,0,Public
STU13085,0,Private
STU08925,1,Private
STU08521,0,Private
STU03156,0,Private
STU09735,0,Private
STU14722,0,Private
STU02254,0,Public
STU05123,2,Public
STU03796,1,Private
STU12341,0,Private
STU06097,1,Private
STU02186,0,Private
STU03260,0,Private
STU01435,0,Private
STU04201,2,Private
STU07440,2,Private
STU06667,1,Private
STU13556,0,Private
STU00833,0,Private
STU10991,1,Private
STU08254,0,Public
STU07679,2,Public
STU14139,2,Private
STU02134,0,Private
STU11736,1,Private
STU06253,0,Private
STU14059,2,Public
STU13574,0,Private
STU09309,0,Private
STU05480,1,Private
STU06155,0,Private
STU11210,2,Private
STU12408,0,Public
STU10048,1,Private
STU11825,0,Private
STU13756,0,Private
STU14173,0,Private
STU11475,1,Public
STU12660,1,Public
STU10873,1,Private
STU04683,0,Private
STU12000,1,Public
STU01433,0,Public
STU12656,0,Private
STU03383,2,Public
STU04040,0,Private
STU13291,0,Private
STU03494,0,Private
STU04892,0,Public
STU06556,2,Public
STU12737,2,Private
STU12952,0,Private
STU10012,0,Private
STU12531,0,Public
STU00891,1,Private
STU06460,1,Private
STU00344,0,Private
STU09510,0,Private
STU04256,1,Private
STU12381,0,Private
STU04490,0,Public
STU02274,1,Private
STU09713,0,Public
STU02577,0,Private
STU12611,1,Private
STU03400,2,Public
STU02960,0,Private
STU12907,2,Public
STU05696,0,Private
STU05865,1,Private
STU12933,0,Public
STU05826,1,Private
STU14324,1,Private
STU11212,1,Public
STU08119,0,Public
STU14356,1,Private
STU04987,0,Private
STU10583,0,Private
STU08189,0,Public
STU12647,1,Public
STU10727,1,Private
STU05980,0,Public
STU08507,2,Public
STU02098,0,Public
STU01908,1,Private
STU03331,1,Private
STU00940,2,Private
STU07681,2,Private
STU09182,2,Private
STU02231,1,Private
STU02192,0,Public
STU00624,0,Private
STU07890,0,Private
STU08766,0,Private
STU14608,0,Private
STU14332,0,Private
STU07201,1,Public
STU06751,2,Private
STU10361,0,Private
STU02519,1,Private
STU12411,1,Private
STU08351,1,Private
STU11417,0,Public
STU08381,0,Private
STU04274,0,Public
STU07187,0,Private
STU04153,1,Private
STU00016,2,Private
STU14261,2,Private
STU12049,0,Private
STU11082,0,Public
STU10968,1,Private
STU12675,0,Public
STU11297,0,Private
STU01034,2,Public
STU08515,0,Public
STU07849,0,Private
STU06240,2,Public
STU14350,0,Private
STU00361,0,Private
STU11940,0,Public
STU04385,0,Private
STU10175,0,Public
STU13562,0,Public
STU05217,0,Private
STU03957,1,Public
STU11110,0,Private
STU02065,2,Public
STU04540,1,Public
STU08589,0,Private
STU11111,2,Private
STU10937,0,Public
STU13341,0,Private
STU03569,0,Public
STU11896,2,Private
STU03445,0,Private
STU01349,0,Private
STU00691,0,Private
STU12545,1,Private
STU05179,1,Private
STU06860,0,Private
STU04905,1,Private
STU07646,2,Public
STU14086,0,Private
STU08482,2,Private
STU00789,0,Private
STU10670,0,Private
STU13124,1,Private
STU10032,0,Public
STU10866,0,Public
STU06397,1,Private
STU14674,1,Private
STU08771,0,Private
STU09431,0,Private
STU05986,1,Private
STU01639,0,Private
STU01154,2,Public
STU09605,1,Public
STU02935,2,Private
STU13041,1,Private
STU11292,1,Public
STU05976,1,Private
STU08111,0,Private
STU00433,0,Private
STU04073,1,Private
STU10959,0,Private
STU02756,2,Public
STU10722,0,Private
STU04048,2,Private
STU01172,0,Public
STU08266,1,Private
STU06639,0,Private
STU14469,0,Private
STU00695,1,Private
STU08902,1,Public
STU12249,0,Private
STU01791,2,Private
STU07353,1,Private
STU10064,0,Public
STU06411,0,Private
STU00103,1,Private
STU06947,0,Public
STU01509,0,Public
STU09484,0,Private
STU06266,2,Private
STU08969,2,Private
STU08090,2,Private
STU07416,0,Private
STU04024,0,Private
STU02306,1,Public
STU07241,1,Private
STU12772,0,Public
STU11532,1,Private
STU14181,0,Public
STU03752,0,Public
STU08927,0,Private
STU04104,2,Public
STU02173,0,Private
STU05972,1,Public
STU01767,0,Private
STU12863,0,Private
STU08183,0,Public
STU08965,0,Public
STU06732,0,Private
STU01340,1,Private
STU06255,1,Private
STU12144,0,Private
STU05016,2,Private
STU14274,2,Public
STU04279,0,Private
STU08646,1,Private
STU03085,1,Private
STU02269,1,Private
STU08501,2,Private
STU00625,1,Private
STU00773,2,Private
STU08917,0,Private
STU01207,1,Private
STU05020,0,Public
STU11903,0,Public
STU12274,0,Private
STU00276,0,Private
STU08386,0,Public
STU08474,0,Public
STU01223,1,Public
STU04665,0,Public
STU06416,0,Private
STU02985,2,Private
STU01906,0,Private
STU08838,1,Private
STU02410,1,Public
STU09950,2,Public
STU03249,0,Private
STU06866,1,Private
STU10982,0,Private
STU12543,2,Public
STU05299,1,Private
STU10565,0,Private
STU10331,0,Private
STU02673,1,Private
STU14693,2,Private
STU01013,0,Private
STU14016,0,Public
STU10608,1,Public
STU11657,0,Public
STU01804,0,Private
STU09679,0,Private
STU08218,2,Private
STU05914,2,Public
STU02610,0,Private
STU02531,1,Private
STU08188,0,Private
STU07766,0,Private
STU11411,0,Private
STU01969,1,Private
STU09814,0,Public
STU04784,0,Private
STU05120,0,Public
STU08343,1,Public
STU13172,2,Public
STU13644,0,Private
STU08935,0,Private
STU04903,0,Private
STU08476,0,Public
STU14125,2,Private
STU11753,0,Private
STU11459,0,Private
STU00248,0,Private
STU00774,1,Public
STU01502,0,Private
STU05342,0,Private
STU10661,2,Public
STU14305,0,Private
STU14368,1,Private
STU12253,0,Private
STU08089,1,Public
STU13649,0,Public
STU10451,1,Public
STU02796,0,Private
STU04907,0,Private
STU13772,0,Public
STU00079,1,Private
STU02005,0,Private
STU11562,0,Public
STU12402,1,Private
STU11074,1,Private
STU09901,1,Public
STU04129,0,Public
STU09455,0,Private
STU08670,0,Private
STU06265,1,Private
STU08658,0,Private
STU06775,0,Public
STU09800,0,Public
STU06683,0,Private
STU02453,1,Public
STU10911,1,Public
STU05695,0,Private
STU07307,2,Private
STU12671,0,Private
STU10659,0,Private
STU12765,2,Public
STU00419,1,Private
STU03611,0,Public
STU00859,0,Private
STU10751,0,Private
STU05661,0,Private
STU13771,1,Private
STU08037,2,Private
STU14505,0,Public
STU12420,0,Private
STU07733,0,Private
STU03158,0,Public
STU07848,0,Private
STU10820,0,Private
STU00607,0,Public
STU04881,0,Private
STU08101,0,Private
STU14021,0,Private
STU02494,2,Private
STU14788,0,Private
STU02763,0,Private
STU10883,1,Private
STU05213,0,Public
STU05762,2,Private
STU08002,0,Private
STU09995,1,Public
STU14083,0,Private
STU06303,0,Private
STU13652,0,Public
STU05464,1,Private
STU00404,1,Private
STU05331,0,Private
STU01437,1,Public
STU08811,0,Public
STU06074,1,Private
STU04223,0,Private
STU13583,1,Public
STU07096,0,Private
STU07724,0,Public
STU02595,0,Private
STU04460,0,Private
STU00121,1,Private
STU01380,0,Public
STU01827,0,Private
STU12080,1,Public
STU07312,1,Private
STU05097,2,Private
STU13260,1,Public
STU00480,0,Public
STU03693,1,Private
STU08477,1,Private
STU09612,0,Private
STU00794,1,Public
STU05466,1,Private
STU03221,1,Private
STU02276,0,Private
STU10310,1,Private
STU07630,0,Private
STU06001,0,Private
STU02105,0,Private
STU14521,0,Private
STU14679,0,Private
STU11007,0,Public
STU13034,0,Private
STU03004,1,Private
STU10627,0,Private
STU04448,0,Public
STU00932,2,Public
STU06154,0,Private
STU03245,0,Public
STU14950,1,Private
STU05162,1,Public
STU07163,0,Public
STU06062,0,Public
STU04335,0,Public
STU09942,1,Private
STU02509,2,Public
STU05985,0,Private
STU13483,1,Private
STU10735,0,Private
STU03505,1,Private
STU00855,0,Private
STU10650,1,Private
STU02668,1,Public
STU12479,0,Private
STU06690,0,Private
STU12379,0,Private
STU07326,0,Private
STU10984,2,Private
STU02654,0,Private
STU06975,0,Private
STU05408,0,Private
STU06045,1,Public
STU08744,0,Private
STU13129,0,Public
STU04464,0,Private
STU12175,0,Private
STU08024,0,Public
STU07188,0,Public
STU14056,0,Public
STU08104,1,Private
STU00640,0,Private
STU03016,1,Private
STU14626,2,Private
STU10184,0,Private
STU02347,1,Private
STU12559,1,Private
STU13049,0,Private
STU12316,0,Private
STU13371,0,Public
STU14255,0,Private
STU00960,1,Private
STU01606,2,Public
STU10418,2,Private
STU14224,1,Public
STU08715,1,Public
STU03595,0,Private
STU00629,1,Public
STU00381,0,Private
STU06057,1,Private
STU10097,0,Public
STU12951,0,Private
STU11904,0,Public
STU08641,0,Private
STU03257,0,Private
STU04554,1,Public
STU05608,0,Public
STU12212,2,Private
STU10643,0,Private
STU01772,1,Public
STU09982,0,Private
STU03984,0,Private
STU10300,0,Private
STU05373,0,Private
STU11980,0,Private
STU11587,0,Private
STU01067,0,Private
STU10455,1,Private
STU11894,0,Public
STU13760,0,Private
STU08229,1,Private
STU06010,1,Private
STU06809,0,Private
STU14653,1,Private
STU13079,0,Private
STU10576,2,Private
STU04497,2,Private
STU04596,2,Public
STU01312,0,Private
STU13980,0,Private
STU00779,0,Public
STU04575,2,Private
STU14884,0,Private
STU12185,1,Private
STU13145,2,Public
STU06131,0,Public
STU04030,0,Private
STU07791,0,Public
STU01320,0,Private
STU05358,1,Private
STU10445,0,Public
STU06845,0,Private
STU08907,0,Private
STU06372,0,Private
STU13073,0,Private
STU14487,0,Private
STU12664,2,Private
STU13391,0,Private
STU12247,2,Private
STU05321,0,Private
STU02024,0,Private
STU06324,1,Private
STU11885,0,Private
STU02773,0,Public
STU06061,2,Private
STU00791,1,Public
STU01681,2,Private
STU13817,1,Private
STU14743,0,Private
STU02865,0,Private
STU03477,0,Private
STU12364,1,Private
STU09163,0,Private
STU09553,0,Private
STU03074,0,Private
STU05362,2,Private
STU05984,2,Public
STU11672,0,Private
STU11971,0,Private
STU05367,2,Private
STU07107,2,Public
STU12661,0,Private
STU07125,0,Public
STU03627,2,Private
STU14130,0,Private
STU10031,0,Private
STU10511,0,Public
STU10581,0,Private
STU06721,2,Private
STU06648,0,Private
STU13832,0,Private
STU06007,0,Public
STU04341,0,Private
STU13586,0,Private
STU05478,0,Private
STU09223,2,Public
STU00056,0,Private
STU03583,0,Private
STU09599,0,Private
STU00929,0,Public
STU07351,0,Private
STU02887,1,Public
STU14971,0,Private
STU14473,0,Public
STU05891,0,Private
